Workbook

Sheet 안내
B2: 박이강 서울시의원 공약사업 달성도 트래커
B3: 노원구 제1선거구(월계1·2·3동) · 서울시의회 주택공간위원회 부위원장 · 선거공보 기반
B5: ■ 이 문서의 목적
B6: 핵심 질문 | C6: 시의원으로서 '어떤 활동(INPUT)'을 하면 '공약사업 달성(OUTPUT)'으로 이어지는가? 그리고 이를 정책지원관이 어떻게 지원하는가?
B7: 구조 | C7: 투입(시의원 의정활동) → 산출(기대 결과물) → 달성도(측정지표·달성률)의 논리모형(Logic Model)
B9: ■ 투입-산출 논리모형 (Input → Output)
B10: INPUT (투입) | C10: 시의원이 직접 행사할 수 있는 의정활동 수단: 서울시 예산 심의·증액, 조례 제·개정 발의, 시정질문·5분 자유발언, 행정사무감사, 상임위 심사, 정부·국회·자치구 협치·협의, 주민 현장민원 수렴
B11: OUTPUT (산출) | C11: 투입 활동의 결과로 나타나는 눈에 보이는 결과물: 예산 반영액, 착공·개통, 조례 시행, 시설 설치, 제도 도입 등
B12: 달성도 (지표) | C12: 산출을 계량·확인하는 KPI와 달성률(%). 진행단계와 달성률을 주기적으로 갱신하여 이행 점검
B14: ■ 주택공간위원회 부위원장 지위 활용 (핵심)
B15: 소관 범위 | C15: 서울시의회 주택공간위원회는 주택정책실(주택정책·주거재생·공동주택·건축), 도시공간본부/균형발전본부, SH 서울주택도시공사 등을 소관으로 심사합니다. (구체적 소관 실·본부는 해당 회기 위원회 구성 기준으로 확인 필요)
B16: 직접 지렛대 | C16: 소관 공약(주거 3건·복지 SH민원·경제 광운대역)은 소관 예산심사 증액, 소관 실·SH공사 행정사무감사·시정질문, 조례 발의, 부위원장 권한 안건 우선 상정으로 '직접' 추진
B17: 협력 지렛대 | C17: 교통·교육 등 타 상임위 소관 공약은 예산결산특위 종합심사 반영 요구, 공동발의·질의, 원팀 협치로 '간접' 견인
B19: ■ 정책지원관 지원업무 (신규 부임자용)
B20: 역할 근거 | C20: 지방자치법상 정책지원 전문인력. 조례 제·개정, 예산 심의, 행정사무감사, 서류제출요구 등 의정활동에 대한 '자료 수집·조사·연구'를 지원 (선거·정치·개인사무는 지원 범위 밖)
B21: 표 보는 법 | C21: 트래커 시트의 '정책지원관 지원업무' 열(하늘색)에 공약별 지원 과업이 있습니다. 상세 역할·업무파악 체크리스트는 '정책지원관 가이드' 시트를 참고하세요.
B22: 소관구분 색 | C22: 🟩소관·핵심(직접 지렛대·우선 지원) / 🟧부분소관 / ⬜협력. 소관·핵심 4건부터 자료조사·질의 준비를 집중하세요.
B24: ■ 시의원 의정수단 유형(INPUT 분류)
B25: ① 예산 | C25: 서울시 예산안 심의·계수조정, 사업 예산 증액·신규 편성 요구 (시의원 최대 권한)
B26: ② 조례 | C26: 제도의 근거가 되는 조례 제·개정 발의 및 의결
B27: ③ 감시·질의 | C27: 시정질문·5분 자유발언·행정사무감사로 집행부 이행 촉구·점검
B28: ④ 협치·협의 | C28: 정부·국회·서울시·노원구 '원팀' 협의로 국책·광역사업 견인
B29: ⑤ 현장·민원 | C29: 주민 현장민원실·간담회로 수요 발굴 및 우선순위 반영
B31: ■ 사용법 (입력 셀 안내)
B32: 노란색 셀만 입력 | C32: '진행단계'와 '달성률(%)' 열(노란 음영)만 갱신하세요.
B33: 진행단계 | C33: 드롭다운: 착수 전 / 추진 중 / 일부 달성 / 목표 달성 / 보류·무산
B34: 달성률(%) | C34: 0~100% 숫자 입력. '분야별 요약' 탭이 자동으로 평균 달성률을 계산합니다.
B35: 근거·비고 | C35: 예산서 페이지, 조례안 번호, 착공일 등 산출을 입증하는 근거를 기록하세요.

Sheet 공약 달성도 트래커
A1: 박이강 서울시의원 공약사업 달성도 트래커 — 부위원장 중점활동 + 정책지원관 지원업무 (투입→산출 논리모형)
A2: 연번 | B2: 분야 | C2: 공약 슬로건 | D2: 세부 공약사업 | E2: INPUT · 시의원 의정활동(투입) | F2: 주택공간위 부위원장 중점활동 | G2: 정책지원관 지원업무 | H2: 소관 구분 | I2: 의정수단 유형 | J2: OUTPUT · 산출/기대 결과물 | K2: 달성도 측정지표(KPI) | L2: 목표 시기 | M2: 진행단계 | N2: 달성률 (%) | O2: 근거·비고
A3: 1 | B3: 경제 | C3: 월계동을 '강북의 판교'·'서울의 실리콘밸리'로 | D3: 광운대역 민자역사 리모델링 추진 (제2의 용산역화) | E3: 서울시 도시계획·투자심사 예산 심의, 시정질문으로 사업 속도 촉구, 코레일·서울시·민간 협상 지원 | F3: 도시공간·역세권 개발계획 심사 시 리모델링 반영, 도시공간본부 대상 시정질문·자료요구 | G3: 역세권 개발계획·민자역사 추진경과·코레일 협의이력 자료수집, 도시공간본부 소관 질의자료 작성 | H3: 부분소관 | I3: 협치·협의 | J3: 광운대역 민자역사 리모델링 착공·복합개발 인허가 | K3: 착공 여부 / 인허가 단계 진척 | L3: 2026~2030 | M3: 착수 전 | N3: 0
A4: 2 | B4: 경제 | C4: 월계동을 '강북의 판교'·'서울의 실리콘밸리'로 | D4: 광운대역세권 창업지원공간 대대적 조성 | E4: 서울시 창업지원 예산 확보·증액 요구, 관련 조례 발의, 부지 확보 행정 협의 | F4: 경제 소관과 연계, 역세권 개발계획에 창업공간 확보 조건 반영 요구 | G4: 타 시도 역세권 창업공간 사례조사, 경제 소관 상임위 예산자료 연계 요청 | H4: 협력 | I4: 예산·조례 | J4: 창업지원공간(인큐베이터) 개소 및 입주기업 유치 | K4: 입주 기업 수 / 지원공간 면적(㎡) | L4: 2026~2029 | M4: 착수 전 | N4: 0
A5: 3 | B5: 경제 | C5: 월계동을 '강북의 판교'·'서울의 실리콘밸리'로 | D5: 정부 벤처기업육성촉진지구 지정 추진 | E5: 서울시-중기부 지정 건의, 시정질문으로 지정 요구, 인프라 예산 확보 | F5: 경제·중기 소관 위원과 공동대응, 지구 내 도시계획 지원 | G5: 벤처기업육성촉진지구 지정요건·타 사례 조사, 중기부 협의 필요서류 정리 | H5: 협력 | I5: 협치·협의 | J5: 벤처기업육성촉진지구 지정 → 세제혜택·인프라 확보 | K5: 지구 지정 고시 여부 / 혜택 기업 수 | L5: 2026~2028 | M5: 착수 전 | N5: 0
A6: 4 | B6: 경제 | C6: 월계동을 '강북의 판교'·'서울의 실리콘밸리'로 | D6: 관내 대학(광운대·인덕대) 연계 AI·과학기술 인재 육성 | E6: 산학연계 사업 예산 편성 요구, 인재육성 지원 조례 발의, 대학-서울시 협약 중개 | F6: 교육·경제 소관과 연계 (직접 소관 아님) | G6: 대학 연계 인재양성 사업 사례·예산 조사, 교육/경제 소관 자료 연계 | H6: 협력 | I6: 예산·조례 | J6: 대학 연계 AI·과기 인재양성 프로그램 운영 | K6: 연계 프로그램 수 / 참여·수료 인원 | L6: 2026~2029 | M6: 착수 전 | N6: 0
A7: 5 | B7: 교통 | C7: 사통팔달 교통혁신으로 더 살기 좋은 월계 | D7: 월계동 3대 교통혁신: GTX-C 착공·SRT 광운대역 정차·동북선 완공 | E7: 국회의원·국토부·서울시 '원팀' 협의, 서울시 분담금 예산 심의, 시정질문으로 공정 점검 | F7: 교통위원회 위원과 공동대응, 예결 종합심사서 광역철도 분담금 지원 | G7: GTX-C·SRT·동북선 추진경과·분담금 현황 자료수집, 교통위 자료 연계·종합심사 논리 정리 | H7: 협력 | I7: 협치·협의 | J7: GTX-C 착공, SRT 정차 확정, 동북선 경전철 개통 | K7: 각 사업 착공/개통 단계 / 개통 시기 | L7: 2026~2030 | M7: 착수 전 | N7: 0
A8: 6 | B8: 교통 | C8: 사통팔달 교통혁신으로 더 살기 좋은 월계 | D8: 지하철 접근성 강화(다람쥐버스·노원15번 창동역행·녹천역 에스컬레이터) | E8: 서울시 버스노선·시설 예산 확보, 버스정책과 시정질문, 서울교통공사 협의 | F8: 교통위 소관, 예결 종합심사서 반영 요구 | G8: 다람쥐버스·노선 신설 절차·사례 조사, 교통위 소관 자료요청 | H8: 협력 | I8: 예산·협의 | J8: 다람쥐버스 도입, 노선 재조정, 녹천역 4번출구 에스컬레이터 설치 | K8: 신규·조정 노선 수 / 승강편의시설 수 | L8: 2026~2028 | M8: 착수 전 | N8: 0
A9: 7 | B9: 교통 | C9: 사통팔달 교통혁신으로 더 살기 좋은 월계 | D9: 고유가 위기 출근길 지원(대중교통 할인·유연근무제 확대) | E9: 서울시 대중교통 할인정책 예산·조례 발의, 시정질문으로 제도 확대 요구 | F9: 교통·기획경제 소관 연계 | G9: 대중교통 할인·유연근무 타 지자체 사례 조사 | H9: 협력 | I9: 예산·조례 | J9: 교통비 할인·유연근무 지원제도 확대 시행 | K9: 수혜 인원 / 할인 지원 규모(원) | L9: 2026~2027 | M9: 착수 전 | N9: 0
A10: 8 | B10: 교육 | C10: 제2의 은행사거리! 명품 교육도시 월계 | D10: 특성화 교육 산실 <월계장학관> 조성 | E10: 서울시·교육청 협력 예산 확보, 장학관 설치·운영 조례 발의, 부지 협의 | F10: 교육위 소관 / 부지·건축은 도시공간 소관으로 협의 가능 | G10: 유사 장학관·교육시설 사례·예산 조사, 부지 후보 현황 정리 | H10: 협력 | I10: 예산·조례 | J10: 월계장학관 건립·개관 및 프로그램 운영 | K10: 개관 여부 / 이용 학생 수 | L10: 2026~2030 | M10: 착수 전 | N10: 0
A11: 9 | B11: 교육 | C11: 제2의 은행사거리! 명품 교육도시 월계 | D11: 아동·청소년 문화·예술·체육 복합시설 확대 | E11: 서울시 생활SOC 예산 편성 요구, 행정사무감사로 노후시설 점검, 부지 발굴 | F11: 생활SOC 건립을 균형발전·도시공간 사업과 연계 | G11: 관내 아동청소년시설 현황·수요 조사, 생활SOC 예산 분석 | H11: 부분소관 | I11: 예산·감시 | J11: 아동청소년 복합 문화·체육 인프라 신설·확충 | K11: 신설 시설 수 / 이용 인원 | L11: 2026~2030 | M11: 착수 전 | N11: 0
A12: 10 | B12: 교육 | C12: 제2의 은행사거리! 명품 교육도시 월계 | D12: 월계동 맞춤형 공공 등교버스 추진 | E12: 서울시·교육청 통학 지원 예산 확보, 지원 조례 발의, 통학로 실태 현장조사 | F12: 교통·교육 소관 연계 | G12: 통학로 실태·타 지역 등교버스 사례 조사 | H12: 협력 | I12: 예산·현장 | J12: 공공 등교버스 노선 운행 개시 | K12: 운행 노선 수 / 이용 학생 수 | L12: 2026~2028 | M12: 착수 전 | N12: 0
A13: 11 | B13: 주거 | C13: 재건축·재개발은 신속하게, 세입자는 따뜻하게 | D13: 미미삼·삼호4차·동신·중흥·534번지 등 정비사업 신속 지원 | E13: 서울시 도시계획위·정비계획 심의 촉진, 시정질문으로 인허가 단축 요구, 조합-서울시 협의 | F13: 소관 상임위 정비사업 안건 직접 심사, 주택정책실·SH 대상 행정사무감사, 부위원장 권한 안건 우선 상정, 정비 지원 조례 발의 | G13: 정비구역별 추진현황·심의일정 DB 구축, 서울시 정비 예산·조례 분석, 행정사무감사 요구자료 목록·질의서 초안 작성 | H13: 소관·핵심 | I13: 감시·협의 | J13: 주요 정비구역 심의 통과·사업시행인가 등 단계 진척 | K13: 단계 진척(정비계획→인가→착공) / 구역 수 | L13: 2026~2030 | M13: 착수 전 | N13: 0
A14: 12 | B14: 주거 | C14: 재건축·재개발은 신속하게, 세입자는 따뜻하게 | D14: 정비사업 퇴거 세입자 전세자금 대출 지원 확대(소득기준 완화) | E14: 서울시 주거복지 예산 확보, 세입자 지원 조례 개정 발의, 대상기준 완화 촉구 | F14: 주택정책실 대상 예산 증액·세입자 지원 조례 개정을 소관 위원으로 직접 추진 | G14: 타 시도 세입자 지원제도·소득기준 비교조사, 조례 개정안 검토·예산 소요 추계 정리 | H14: 소관·핵심 | I14: 예산·조례 | J14: 세입자 전세대출 지원 소득기준 완화·수혜 확대 | K14: 완화된 소득기준 / 수혜 세입자 수 | L14: 2026~2028 | M14: 착수 전 | N14: 0
... A26: 24 | B26: 일상 | C26: 구석구석 안전하게! 생활 속 불편 해결 | D26: 주민 배려형 디테일 행정(이마트 진입로 교통체증 해소 연구용역) | E26: 서울시 교통개선 연구용역 예산 확보, 시정질문으로 즉각 추진 요구, 주민 수요 조사 | F26: 교통위 소관 연계 | G26: 교통체증 해소 연구용역 과업내용·예산 검토, 주민 수요조사 정리 | H26: 협력 | I26: 예산·현장 | J26: 이마트 진입로 교통체증 해소 연구용역 착수·이행 | K26: 용역 착수 여부 / 정체 개선 효과 | L26: 2026~2027 | M26: 착수 전 | N26: 0

Sheet 분야별 요약
B2: 분야별 공약 달성도 요약 대시보드
B3: '공약 달성도 트래커' 탭의 달성률·진행단계를 자동 집계합니다.
B5: 분야 | C5: 공약 건수 | D5: 평균 달성률 | E5: 목표 달성 | F5: 추진 중 | G5: 슬로건
B6: 경제 | C6: =COUNTIF('공약 달성도 트래커'!$B$3:$B$26,$B6) -> 4 | D6: =IFERROR(AVERAGEIF('공약 달성도 트래커'!$B$3:$B$26,$B6,'공약 달성도 트래커'!$N$3:$N$26),0) -> 0 | E6: =COUNTIFS('공약 달성도 트래커'!$B$3:$B$26,$B6,'공약 달성도 트래커'!$M$3:$M$26,"목표 달성") -> 0 | F6: =COUNTIFS('공약 달성도 트래커'!$B$3:$B$26,$B6,'공약 달성도 트래커'!$M$3:$M$26,"추진 중") -> 0 | G6: 월계동을 '강북의 판교'·'서울의 실리콘밸리'로
B7: 교통 | C7: =COUNTIF('공약 달성도 트래커'!$B$3:$B$26,$B7) -> 3 | D7: =IFERROR(AVERAGEIF('공약 달성도 트래커'!$B$3:$B$26,$B7,'공약 달성도 트래커'!$N$3:$N$26),0) -> 0 | E7: =COUNTIFS('공약 달성도 트래커'!$B$3:$B$26,$B7,'공약 달성도 트래커'!$M$3:$M$26,"목표 달성") -> 0 | F7: =COUNTIFS('공약 달성도 트래커'!$B$3:$B$26,$B7,'공약 달성도 트래커'!$M$3:$M$26,"추진 중") -> 0 | G7: 사통팔달 교통혁신으로 더 살기 좋은 월계
B8: 교육 | C8: =COUNTIF('공약 달성도 트래커'!$B$3:$B$26,$B8) -> 3 | D8: =IFERROR(AVERAGEIF('공약 달성도 트래커'!$B$3:$B$26,$B8,'공약 달성도 트래커'!$N$3:$N$26),0) -> 0 | E8: =COUNTIFS('공약 달성도 트래커'!$B$3:$B$26,$B8,'공약 달성도 트래커'!$M$3:$M$26,"목표 달성") -> 0 | F8: =COUNTIFS('공약 달성도 트래커'!$B$3:$B$26,$B8,'공약 달성도 트래커'!$M$3:$M$26,"추진 중") -> 0 | G8: 제2의 은행사거리! 명품 교육도시 월계
B9: 주거 | C9: =COUNTIF('공약 달성도 트래커'!$B$3:$B$26,$B9) -> 3 | D9: =IFERROR(AVERAGEIF('공약 달성도 트래커'!$B$3:$B$26,$B9,'공약 달성도 트래커'!$N$3:$N$26),0) -> 0 | E9: =COUNTIFS('공약 달성도 트래커'!$B$3:$B$26,$B9,'공약 달성도 트래커'!$M$3:$M$26,"목표 달성") -> 0 | F9: =COUNTIFS('공약 달성도 트래커'!$B$3:$B$26,$B9,'공약 달성도 트래커'!$M$3:$M$26,"추진 중") -> 0 | G9: 재건축·재개발은 신속하게, 세입자는 따뜻하게
B10: 청년·가족 | C10: =COUNTIF('공약 달성도 트래커'!$B$3:$B$26,$B10) -> 2 | D10: =IFERROR(AVERAGEIF('공약 달성도 트래커'!$B$3:$B$26,$B10,'공약 달성도 트래커'!$N$3:$N$26),0) -> 0 | E10: =COUNTIFS('공약 달성도 트래커'!$B$3:$B$26,$B10,'공약 달성도 트래커'!$M$3:$M$26,"목표 달성") -> 0 | F10: =COUNTIFS('공약 달성도 트래커'!$B$3:$B$26,$B10,'공약 달성도 트래커'!$M$3:$M$26,"추진 중") -> 0 | G10: 신혼부부 워너비 도시! 임신부터 출산까지 책임
B11: 복지 | C11: =COUNTIF('공약 달성도 트래커'!$B$3:$B$26,$B11) -> 3 | D11: =IFERROR(AVERAGEIF('공약 달성도 트래커'!$B$3:$B$26,$B11,'공약 달성도 트래커'!$N$3:$N$26),0) -> 0 | E11: =COUNTIFS('공약 달성도 트래커'!$B$3:$B$26,$B11,'공약 달성도 트래커'!$M$3:$M$26,"목표 달성") -> 0 | F11: =COUNTIFS('공약 달성도 트래커'!$B$3:$B$26,$B11,'공약 달성도 트래커'!$M$3:$M$26,"추진 중") -> 0 | G11: 일자리가 최고의 복지! 전 세대 일자리 복지
B12: 민생 | C12: =COUNTIF('공약 달성도 트래커'!$B$3:$B$26,$B12) -> 2 | D12: =IFERROR(AVERAGEIF('공약 달성도 트래커'!$B$3:$B$26,$B12,'공약 달성도 트래커'!$N$3:$N$26),0) -> 0 | E12: =COUNTIFS('공약 달성도 트래커'!$B$3:$B$26,$B12,'공약 달성도 트래커'!$M$3:$M$26,"목표 달성") -> 0 | F12: =COUNTIFS('공약 달성도 트래커'!$B$3:$B$26,$B12,'공약 달성도 트래커'!$M$3:$M$26,"추진 중") -> 0 | G12: 상권에 활력을! 소상공인이 웃는 지역경제 1번지
B13: 일상 | C13: =COUNTIF('공약 달성도 트래커'!$B$3:$B$26,$B13) -> 4 | D13: =IFERROR(AVERAGEIF('공약 달성도 트래커'!$B$3:$B$26,$B13,'공약 달성도 트래커'!$N$3:$N$26),0) -> 0 | E13: =COUNTIFS('공약 달성도 트래커'!$B$3:$B$26,$B13,'공약 달성도 트래커'!$M$3:$M$26,"목표 달성") -> 0 | F13: =COUNTIFS('공약 달성도 트래커'!$B$3:$B$26,$B13,'공약 달성도 트래커'!$M$3:$M$26,"추진 중") -> 0 | G13: 구석구석 안전하게! 생활 속 불편 해결
B14: 전체 합계·평균 | C14: =COUNTA('공약 달성도 트래커'!$B$3:$B$26) -> 24 | D14: =IFERROR(AVERAGE('공약 달성도 트래커'!$N$3:$N$26),0) -> 0 | E14: =COUNTIF('공약 달성도 트래커'!$M$3:$M$26,"목표 달성") -> 0 | F14: =COUNTIF('공약 달성도 트래커'!$M$3:$M$26,"추진 중") -> 0 | G14: 8대 분야 종합
B17: ■ 진행단계 현황 (전체)
B18: 착수 전 | C18: =COUNTIF('공약 달성도 트래커'!$M$3:$M$26,"착수 전") -> 24
B19: 추진 중 | C19: =COUNTIF('공약 달성도 트래커'!$M$3:$M$26,"추진 중") -> 0
B20: 일부 달성 | C20: =COUNTIF('공약 달성도 트래커'!$M$3:$M$26,"일부 달성") -> 0
B21: 목표 달성 | C21: =COUNTIF('공약 달성도 트래커'!$M$3:$M$26,"목표 달성") -> 0
B22: 보류·무산 | C22: =COUNTIF('공약 달성도 트래커'!$M$3:$M$26,"보류·무산") -> 0

Sheet 주택공간위 전략
B2: 주택공간위원회 부위원장 공약 추진 전략
B3: 소관(주택정책실·도시공간/균형발전본부·SH공사)을 지렛대로 '직접 주력'할 공약과 타 상임위 '협력' 공약을 구분
B5: 소관구분 | C5: 공약 수 | D5: 부위원장 핵심 지렛대
B6: 🟩 소관·핵심 (직접 주력) | C6: =COUNTIF('공약 달성도 트래커'!$H$3:$H$26,"소관·핵심") -> 4 | D6: 소관 예산심사 증액 · 주택정책실/SH공사 행정사무감사 · 정비·세입자 조례 발의 · 부위원장 권한 안건 우선 상정
B7: 🟧 부분소관 (개발계획 연계) | C7: =COUNTIF('공약 달성도 트래커'!$H$3:$H$26,"부분소관") -> 2 | D7: 도시공간·역세권/생활SOC 개발계획 심사에 공약 반영, 도시공간본부 대상 질의
B8: ⬜ 협력 (타 상임위 소관) | C8: =COUNTIF('공약 달성도 트래커'!$H$3:$H$26,"협력") -> 18 | D8: 예산결산특위 종합심사 반영 요구 · 해당 상임위 위원과 공동발의·질의 · 원팀 협치
B10: ■ 직접 주력 공약 (소관·핵심 + 부분소관)
B11: 공약 | C11: 분야 | D11: 부위원장 중점활동
B12: 광운대역 민자역사 리모델링 추진 (제2의 용산역화) | C12: 경제 | D12: 도시공간·역세권 개발계획 심사 시 리모델링 반영, 도시공간본부 대상 시정질문·자료요구
B13: 아동·청소년 문화·예술·체육 복합시설 확대 | C13: 교육 | D13: 생활SOC 건립을 균형발전·도시공간 사업과 연계
B14: 미미삼·삼호4차·동신·중흥·534번지 등 정비사업 신속 지원 | C14: 주거 | D14: 소관 상임위 정비사업 안건 직접 심사, 주택정책실·SH 대상 행정사무감사, 부위원장 권한 안건 우선 상정, 정비 지원 조례 발의
B15: 정비사업 퇴거 세입자 전세자금 대출 지원 확대(소득기준 완화) | C15: 주거 | D15: 주택정책실 대상 예산 증액·세입자 지원 조례 개정을 소관 위원으로 직접 추진
B16: 노원구 관내 이전 유도 정책 도입 | C16: 주거 | D16: 주거재생 정책으로 이주 지원 조례·예산을 소관 위원으로 직접 설계
B17: SH·LH 공공아파트 주거·생활 민원 신속 처리 | C17: 복지 | D17: SH공사 소관 → 행정사무감사에서 민원처리 실태 점검·개선 요구, 관련 예산 반영 (직접 지렛대)
B19: ■ 협력 공약 (타 상임위 소관 — 예결 종합심사·공동발의로 견인)
B20: 공약 | C20: 분야 | D20: 협력 방식
B21: 광운대역세권 창업지원공간 대대적 조성 | C21: 경제 | D21: 경제 소관과 연계, 역세권 개발계획에 창업공간 확보 조건 반영 요구
B22: 정부 벤처기업육성촉진지구 지정 추진 | C22: 경제 | D22: 경제·중기 소관 위원과 공동대응, 지구 내 도시계획 지원
B23: 관내 대학(광운대·인덕대) 연계 AI·과학기술 인재 육성 | C23: 경제 | D23: 교육·경제 소관과 연계 (직접 소관 아님)
B24: 월계동 3대 교통혁신: GTX-C 착공·SRT 광운대역 정차·동북선 완공 | C24: 교통 | D24: 교통위원회 위원과 공동대응, 예결 종합심사서 광역철도 분담금 지원
B25: 지하철 접근성 강화(다람쥐버스·노원15번 창동역행·녹천역 에스컬레이터) | C25: 교통 | D25: 교통위 소관, 예결 종합심사서 반영 요구
B26: 고유가 위기 출근길 지원(대중교통 할인·유연근무제 확대) | C26: 교통 | D26: 교통·기획경제 소관 연계
B27: 특성화 교육 산실 <월계장학관> 조성 | C27: 교육 | D27: 교육위 소관 / 부지·건축은 도시공간 소관으로 협의 가능
B28: 월계동 맞춤형 공공 등교버스 추진 | C28: 교육 | D28: 교통·교육 소관 연계
B29: 동북권 최초 국·공립 산후조리원 유치 + 출산 바우처 확대 | C29: 청년·가족 | D29: 보건복지위 소관 / 신혼부부 공공주택 연계는 소관 활용
B30: 서울형 '임산부 기본소득(지역화폐)' 추진 | C30: 청년·가족 | D30: 복지·기획 소관 연계
B31: 전 세대 맞춤형 공공 일자리 대폭 확대 | C31: 복지 | D31: 기획경제·복지 소관 연계
... B38: 주민 배려형 디테일 행정(이마트 진입로 교통체증 해소 연구용역) | C38: 일상 | D38: 교통위 소관 연계
B40: ※ 소관 실·본부 구성은 해당 회기 서울시의회 주택공간위원회 기준으로 확인하여 갱신하세요.

Sheet 정책지원관 가이드
B2: 정책지원관 업무 가이드 (신규 부임자용)
B3: 주택공간위원회 · 박이강 부위원장 지원 · 2026년 9월 부임 · 업무파악 단계
B5: ■ 정책지원관 역할과 범위 (지방자치법 근거)
B6: 지원 대상 활동 | C6: 조례 제·개정·폐지, 예산 심의·확정, 행정사무감사, 서류제출요구, 인사청문 등 의결사항 과정
B7: 핵심 직무 | C7: 위 의정활동에 대한 '자료 수집·조사·연구' 지원 (검토보고·분석자료 작성)
B8: 범위 밖 | C8: 선거·정치활동, 의원 개인사무, 지역구 민원의 직접 처리(행정대행)는 지원 범위 밖
B10: ■ 핵심 지원업무 5종
B11: 유형 | C11: 내용 | D11: 주요 산출물
B12: ① 자료조사·연구 | C12: 통계·타 시도 사례·현황 수집 및 분석 | D12: 검토보고서·현황자료
B13: ② 예산안 분석 | C13: 소관 사업 예산서 분석, 증액 논리 정리 | D13: 예산분석 자료
B14: ③ 조례안 검토 | C14: 입법례 조사, 조례안·개정안 검토 | D14: 검토의견서·조례안 초안
B15: ④ 질의 준비 | C15: 시정질문·행정사무감사 질의서·요구자료 작성 | D15: 질의서·자료요구 목록
B16: ⑤ 민원·현장 정리 | C16: 지역 민원·현장 수요 취합·분류 | D16: 민원 정리표
B18: ■ 부임 초기 업무파악 체크리스트
B19: 1주차 (조직·현안 파악)
B20: ☐ | C20: 주택공간위 소관 실·본부·산하기관 조직도 파악 (주택정책실, 도시공간본부/균형발전본부, SH공사 등)
B21: ☐ | C21: 박이강 부위원장 공약·관심사 숙지 — 본 트래커 '공약 달성도 트래커' 시트 활용
B22: ☐ | C22: 상임위 연간 일정 파악 (임시회·정례회·행정사무감사 시기)
B24: 1개월 (사업·예산 파악)
B25: ☐ | C25: 소관 사업별 예산 규모·주요 현안 파악
B26: ☐ | C26: 소관 주요 조례 목록화 및 최근 개정 이력 확인
B27: ☐ | C27: 소관·핵심 4개 공약(정비사업·세입자·관내이전·SH민원) 관련 자료 우선 수집
B29: 분기 (루틴화)
B30: ☐ | C30: 행정사무감사(연중 최대 이벤트) 요구자료·질의서 준비 절차 숙지
B31: ☐ | C31: 시정질문 주제 발굴 및 근거자료 축적
B32: ☐ | C32: 공약별 진행상황(진행단계·달성률) 트래커 정기 갱신 루틴 확립
B34: ■ 공약별 지원업무 우선순위
B35: 소관구분 | C35: 공약 수 | D35: 정책지원관 지원 초점
B36: 🟩 소관·핵심 (최우선) | C36: =COUNTIF('공약 달성도 트래커'!$H$3:$H$26,"소관·핵심") -> 4 | D36: 정비구역 DB·예산분석·조례 검토·행정사무감사 질의서 등 심층 지원
B37: 🟧 부분소관 | C37: =COUNTIF('공약 달성도 트래커'!$H$3:$H$26,"부분소관") -> 2 | D37: 개발계획·생활SOC 현황·수요 조사 지원
B38: ⬜ 협력 | C38: =COUNTIF('공약 달성도 트래커'!$H$3:$H$26,"협력") -> 18 | D38: 타 상임위 자료 연계·사례조사, 예결 종합심사 논리 정리
B40: ※ 공약별 상세 지원 과업은 '공약 달성도 트래커' 시트의 '정책지원관 지원업무'(하늘색) 열을 참고하세요.
B41: ※ 정책지원관 직무 범위는 서울시의회 관련 조례·운영지침 기준으로 확인하세요.
